"Player.id","Player.name","Team.ID","Team.Name","total_shots","On Target","Blocked","Left","From outside the Penalty Area","GK Save","Right","Off Target","Offensive Action","Goal","Promising Action","From inside the Penalty Area","Deflected","Corner","Big Chance","Direct Free Kick","Headed Shot","Post","Other"
5825,"Bartosz Salamon",488,"Poland",1,0,0,0,1,0,1,1,0,0,0,0,0,0,0,0,0,0,0
5965,"Bruno Petkovic",4,"Croatia",2,0,0,0,0,1,0,2,0,0,2,2,0,0,0,0,2,0,0
6045,"Josip Ilicic",516,"Slovenia",1,1,1,1,1,0,0,0,0,0,0,0,0,0,0,1,0,0,0
6101,"Mateo Kovacic",4,"Croatia",5,4,0,2,3,3,3,1,0,0,1,2,2,0,0,0,0,0,0
6133,"Alvaro Borja Morata Martin",2,"Spain",13,7,4,4,6,3,8,5,1,1,1,7,0,0,3,0,1,0,0
6149,"Stefan De Vrij",411,"Netherlands",4,1,0,0,0,0,0,3,0,1,2,4,0,0,1,0,4,0,0
6167,"Stephan El Shaarawy",1,"Italy",1,1,1,1,0,0,0,0,0,0,0,1,0,0,0,0,0,0,0
6314,"Matteo Darmian",1,"Italy",1,1,1,1,0,0,0,0,0,0,1,1,0,0,0,0,0,0,0
6345,"Bruno Miguel Borges Fernandes",427,"Portugal",10,5,3,1,6,1,9,5,0,1,2,4,2,0,2,1,0,0,0
6351,"Silvan Widmer",418,"Switzerland",2,0,0,0,0,0,2,2,0,0,0,2,0,0,1,0,0,0,0
6403,"Elseid Hysaj",463,"Albania",2,1,1,2,1,0,0,1,0,0,0,1,0,0,0,0,0,0,0
6420,"Piotr Zielinski",488,"Poland",8,7,3,3,7,4,5,1,0,0,0,1,1,0,0,1,0,0,0
6438,"Nicolo' Barella",1,"Italy",1,1,0,0,1,0,1,0,0,1,0,0,0,0,0,0,0,0,0
6531,"Juraj Kucka",475,"Slovakia",6,3,1,1,3,2,3,3,0,0,2,3,0,0,0,1,2,0,0
7037,"Xherdan Shaqiri",418,"Switzerland",2,1,0,2,2,0,0,1,0,1,0,0,0,1,0,0,0,1,0
7089,"Lukas Haraslin",475,"Slovakia",8,6,2,1,3,4,7,2,0,0,3,5,0,0,0,0,0,0,0
7092,"Marcelo Brozovic",4,"Croatia",3,2,0,0,2,2,3,1,0,0,0,1,0,0,0,0,0,0,0
7218,"Ilkay Gundogan",11,"Germany",6,5,3,4,1,1,1,1,0,1,3,5,0,0,1,0,1,0,0
7227,"Lorenzo Pellegrini",1,"Italy",6,1,0,1,2,1,3,5,0,0,2,4,0,0,1,1,1,0,1
7243,"Luka Modric",4,"Croatia",5,3,2,2,3,0,3,1,1,1,0,2,0,0,1,0,0,0,0
7244,"Ivan Perisic",4,"Croatia",5,3,1,3,3,2,1,2,0,0,1,2,1,0,0,0,1,0,0
7248,"Andrej Kramaric",4,"Croatia",4,1,1,0,1,0,4,2,1,1,1,3,0,0,0,0,0,0,0
7345,"Harry Kane",16,"England",16,11,4,4,4,3,7,4,1,2,4,12,3,0,2,0,5,0,0
7348,"Kyle Walker",16,"England",1,0,0,0,0,0,1,1,0,0,0,1,0,0,1,0,0,0,0
7407,"Yannick Ferreira Carrasco",428,"Belgium",5,5,3,2,1,1,3,0,0,0,3,4,1,0,0,0,0,0,0
7413,"Bernardo Mota Veiga De Carvalho E Silva",427,"Portugal",7,4,2,7,0,1,0,2,1,1,5,7,0,0,0,0,0,0,0
7437,"Adrien Rabiot",423,"France",2,0,0,1,1,0,1,2,0,0,1,1,0,0,0,0,0,0,0
7449,"Robert Lewandowski",488,"Poland",4,0,0,2,2,0,1,4,0,0,2,2,0,0,0,0,1,0,0
7455,"Thomas Muller",11,"Germany",1,0,0,0,0,0,1,1,0,0,0,1,0,0,1,0,0,0,0
7473,"Ruben Diogo Da Silva Neves",427,"Portugal",2,0,0,0,2,0,2,2,0,0,0,0,0,0,0,0,0,0,0
7486,"Daniel Carvajal Ramos",2,"Spain",2,2,0,0,0,1,1,0,0,1,0,2,0,0,1,0,1,0,0
7487,"Toni Kroos",11,"Germany",3,2,1,0,3,1,3,1,0,0,0,0,1,0,0,1,0,0,0
7490,"Cristiano Ronaldo Dos Santos Aveiro",427,"Portugal",19,10,2,5,7,9,10,9,0,0,7,12,2,0,2,6,4,0,0
7569,"Aleksandar Mitrovic",467,"Serbia",8,2,0,0,0,2,6,6,0,0,5,8,1,0,2,0,2,1,0
7591,"Christian Eriksen",322,"Denmark",11,8,6,4,5,1,7,3,0,1,4,6,0,0,1,1,0,0,0
7617,"Antoine Griezmann",423,"France",11,6,1,8,6,4,1,5,0,0,1,5,3,0,2,1,2,0,0
7687,"Hakan Calhanoglu",579,"Turkiye",9,5,3,1,6,1,8,4,0,1,3,3,2,0,0,1,0,0,0
7723,"Olivier Giroud",423,"France",1,1,0,0,0,0,1,0,0,0,1,1,1,0,0,0,0,0,0
7747,"Taras Stepanenko",577,"Ukraine",1,0,0,0,0,0,0,1,0,0,1,1,0,0,0,0,1,0,0
7766,"Leroy Sane'",11,"Germany",7,4,0,6,4,3,1,3,0,0,2,3,1,0,0,1,0,0,0
7798,"Fabian Schar",418,"Switzerland",6,3,2,2,1,0,3,3,0,0,1,5,1,0,1,0,1,0,0
7809,"Breel Embolo",418,"Switzerland",7,6,2,2,1,2,5,1,0,2,2,6,0,0,3,0,0,0,0
7814,"Federico Dimarco",1,"Italy",1,1,0,1,1,1,0,0,0,0,0,0,0,0,0,0,0,0,0
7845,"Andriy Yarmolenko",577,"Ukraine",3,1,1,2,1,0,1,2,0,0,0,2,0,0,1,0,0,0,0
7904,"Aymeric Jean Louis Gerard Alphonse Laporte",2,"Spain",4,1,0,2,2,1,0,3,0,0,1,2,0,0,0,0,2,0,0
8131,"Bryan Cristante",1,"Italy",1,1,1,0,1,0,1,0,0,0,0,0,0,0,0,0,0,0,0
8214,"Emre Can",11,"Germany",2,1,0,0,2,0,2,0,1,1,0,0,0,0,0,0,0,0,0
8359,"Patrik Schick",263,"Czechia",5,5,1,3,1,3,0,0,0,1,3,4,0,0,1,0,1,0,1
8549,"Jan Vertonghen",428,"Belgium",1,0,0,1,0,0,0,1,0,0,0,1,0,0,0,0,0,0,0
8564,"Virgil Van Dijk",411,"Netherlands",4,2,0,1,0,2,1,2,0,0,2,4,1,0,0,0,2,1,0
8585,"Ricardo Rodriguez",418,"Switzerland",3,1,1,3,3,0,0,2,0,0,0,0,0,0,0,0,0,0,0
8589,"Kevin De Bruyne",428,"Belgium",11,8,1,0,8,6,11,3,0,1,3,3,0,0,2,2,0,0,0
8627,"Sergej Milinkovic-Savic",467,"Serbia",3,1,0,0,2,1,2,2,0,0,1,1,0,0,0,0,1,0,0
8666,"Mattia Zaccagni",1,"Italy",1,1,0,0,0,0,1,0,0,1,0,1,0,0,1,0,0,0,0
8717,"Rey Manaj",463,"Albania",2,2,0,0,0,2,1,0,0,0,1,2,0,0,1,0,1,0,0
8755,"Antonio Rudiger",11,"Germany",4,2,1,0,2,1,2,2,0,0,1,2,1,0,0,0,2,0,0
8950,"Ante Budimir",4,"Croatia",3,2,0,2,0,2,0,1,0,0,2,3,1,0,1,0,1,0,0
9064,"Andraz Sporar",516,"Slovenia",5,1,0,3,2,1,2,4,0,0,1,3,2,0,2,0,0,0,0
9188,"Mario Pasalic",4,"Croatia",3,0,0,0,0,0,0,3,0,0,2,3,0,0,0,0,3,0,0
9271,"Kieran Trippier",16,"England",1,0,0,0,0,0,1,1,0,0,1,1,0,0,0,0,0,0,0
9297,"Ondrej Duda",475,"Slovakia",3,1,0,0,1,0,1,1,1,1,0,2,0,0,1,0,2,0,0
9347,"Jon Gorenc Stankovic",516,"Slovenia",1,0,0,1,1,0,0,1,0,0,0,0,0,0,0,0,0,0,0
9406,"Romelu Lukaku",428,"Belgium",12,10,2,4,0,8,8,2,0,0,6,12,0,0,2,0,0,0,0
9542,"Denis Alibec",486,"Romania",1,1,1,1,0,0,0,0,0,0,0,1,0,0,1,0,0,0,0
9556,"Andreas Christensen",322,"Denmark",3,0,0,0,1,0,2,3,0,0,0,2,0,0,1,0,1,0,0
9565,"Jonathan Tah",11,"Germany",1,1,0,0,0,1,0,0,0,0,0,1,1,0,0,0,1,0,0
9759,"Joao Pedro Cavaco Cancelo",427,"Portugal",2,1,1,1,0,0,1,1,0,0,1,2,0,0,0,0,0,0,0
9803,"Luka Jovic",467,"Serbia",1,1,0,0,0,0,0,0,0,1,1,1,0,0,0,0,1,0,0
9831,"Joshua Kimmich",11,"Germany",8,5,3,2,4,2,5,3,0,0,4,4,0,0,0,0,1,0,0
9863,"Grant Hanley",462,"Scotland",1,0,0,0,0,0,0,1,0,0,1,1,0,0,0,0,1,1,0
9912,"Peter Pekarik",475,"Slovakia",2,1,1,1,1,0,1,1,0,0,0,1,0,0,1,0,0,0,0
10018,"Granit Xhaka",418,"Switzerland",4,4,1,3,2,3,0,0,0,0,0,2,0,0,0,0,1,0,0
10024,"John Stones",16,"England",1,1,1,0,0,0,0,0,0,0,1,1,0,0,0,0,1,0,0
10072,"Oleksandr Zinchenko",577,"Ukraine",1,1,0,1,1,1,0,0,0,0,0,0,0,0,0,1,0,0,0
10121,"Kamil Grosicki",488,"Poland",1,0,0,1,0,0,0,1,0,0,0,1,0,0,1,0,0,0,0
10151,"Lubomir Tupta",475,"Slovakia",1,0,0,0,1,0,1,1,0,0,0,0,0,0,0,1,0,0,0
10171,"Callum Mcgregor",462,"Scotland",2,1,1,2,2,0,0,1,0,0,0,0,0,0,0,0,0,0,0
10176,"Vaclav Cerny",263,"Czechia",2,2,0,1,1,2,1,0,0,0,0,1,1,0,1,0,0,0,0
10289,"Remo Freuler",418,"Switzerland",4,2,1,3,2,0,1,1,1,1,1,2,1,0,0,0,0,0,0
10412,"Benjamin Henrichs",11,"Germany",1,0,0,0,1,0,1,1,0,0,0,0,0,0,0,0,0,0,0
10420,"Memphis Depay",411,"Netherlands",18,8,4,2,5,2,15,10,0,1,7,13,2,1,3,2,1,1,0
10593,"Giovanni Di Lorenzo",1,"Italy",1,0,0,0,0,0,0,1,0,0,1,1,1,0,0,0,1,0,0
10793,"Jannik Vestergaard",322,"Denmark",4,3,1,0,0,2,1,1,0,0,3,4,0,0,0,0,3,0,0
10847,"Marko Arnautovic",510,"Austria",3,3,1,0,1,2,3,0,0,0,0,2,0,0,2,0,0,0,0
10852,"Marcel Sabitzer",510,"Austria",10,7,5,2,5,1,8,3,0,1,3,5,2,0,1,1,0,0,0
10918,"Milan Skriniar",475,"Slovakia",1,1,1,0,1,0,1,0,0,0,0,0,0,0,0,0,0,0,0
11041,"N'golo Kante'",423,"France",5,3,0,0,4,2,5,2,0,0,0,1,2,0,0,0,0,0,0
11048,"Ousmane Dembele'",423,"France",7,3,2,6,4,1,1,4,0,0,0,3,0,0,1,0,0,0,0
11096,"Danilo Luis Helio Pereira",427,"Portugal",1,0,0,1,0,0,0,1,0,0,1,1,0,0,0,0,0,0,0
11106,"Nicolae Stanciu",486,"Romania",4,3,1,0,4,1,4,1,0,1,0,0,0,0,0,1,0,0,0
11135,"Adam Nagy",487,"Hungary",1,0,0,1,1,0,0,1,0,0,0,0,0,0,0,0,0,0,0
11145,"Cenk Tosun",579,"Turkiye",3,1,0,0,0,0,1,2,0,1,1,3,0,0,0,0,2,0,0
11389,"Trent Alexander-Arnold",16,"England",4,2,1,0,4,1,4,2,0,0,0,0,0,0,0,1,0,0,0
11546,"Ianis Hagi",486,"Romania",2,0,0,0,1,0,2,2,0,0,1,1,0,0,0,0,0,0,0
11563,"Sasa Lukic",467,"Serbia",1,1,1,0,0,0,1,0,0,0,0,1,0,0,0,0,0,0,0
11711,"Kylian Mbappe'",423,"France",23,14,7,0,6,8,22,9,0,0,4,17,2,0,3,1,1,0,0
11798,"Federico Chiesa",1,"Italy",7,3,3,4,3,0,3,4,0,0,0,4,1,0,0,0,0,0,0
11810,"Roland Sallai",487,"Hungary",7,4,2,1,3,2,6,3,0,0,0,4,1,0,1,0,0,0,0
11865,"Laszlo Benes",475,"Slovakia",1,1,1,0,0,0,1,0,0,0,0,1,0,0,0,0,0,0,0
12266,"Mijat Gacinovic",467,"Serbia",1,0,0,0,0,0,1,1,0,0,0,1,1,0,0,0,0,0,0
12488,"Benjamin Verbic",516,"Slovenia",2,0,0,0,1,0,1,2,0,0,1,1,1,0,0,0,1,0,0
12791,"Pierre-Emile Hojbjerg",322,"Denmark",6,5,1,0,6,4,6,1,0,0,0,0,0,0,0,0,0,0,0
12940,"Alessandro Bastoni",1,"Italy",3,2,0,0,0,1,0,1,0,1,0,3,0,0,3,0,3,0,0
13030,"Viktor Tsygankov",577,"Ukraine",2,2,2,2,1,0,0,0,0,0,1,1,0,0,0,0,0,0,0
13033,"Nelson Cabral Semedo",427,"Portugal",1,1,1,0,1,0,1,0,0,0,0,0,0,0,0,0,0,0,0
13125,"Leandro Trossard",428,"Belgium",4,3,2,0,3,1,4,1,0,0,2,1,0,0,0,0,0,0,0
13147,"Petr Sevcik",263,"Czechia",1,1,1,1,0,0,0,0,0,0,1,1,0,0,0,0,0,0,0
13310,"Kai Havertz",11,"Germany",16,10,1,9,3,9,1,6,0,0,6,13,1,0,6,1,6,1,0
13315,"Diogo Jose' Teixeira Da Silva",427,"Portugal",2,1,0,1,0,1,0,1,0,0,0,2,0,0,1,0,1,0,0
13354,"Rodrigo Hernandez Cascante",2,"Spain",6,3,2,2,5,0,3,2,1,1,0,1,0,0,0,0,1,0,0
13395,"Jan Bednarek",488,"Poland",1,1,1,0,0,0,1,0,0,0,1,1,0,0,0,0,0,0,0
13396,"Pawel Dawidowicz",488,"Poland",1,0,0,0,0,0,0,1,0,0,0,1,0,0,0,0,1,0,0
13401,"Adam Buksa",488,"Poland",2,2,1,0,0,0,1,0,0,1,2,2,0,0,0,0,1,0,0
13404,"Krzysztof Piatek",488,"Poland",2,1,0,0,1,0,2,1,0,1,0,1,0,0,1,0,0,0,0
13414,"Mikel Oyarzabal Ugarte",2,"Spain",5,2,0,4,3,1,1,3,0,1,0,2,1,0,1,0,0,0,0
13490,"Mikel Merino Zazon",2,"Spain",3,2,0,1,0,1,0,1,0,1,0,3,0,0,1,0,2,0,0
13500,"Jan Mlakar",516,"Slovenia",1,1,0,0,0,1,1,0,0,0,0,1,0,0,1,0,0,0,0
13592,"Tomas Soucek",263,"Czechia",3,2,1,1,1,0,2,1,0,1,0,2,0,0,1,0,0,0,0
13777,"Tomas Chory",263,"Czechia",1,1,1,0,0,0,1,0,0,0,0,1,0,0,1,0,0,0,0
13799,"Youri Tielemans",428,"Belgium",5,2,1,0,5,0,5,2,1,1,0,0,1,0,0,0,0,0,0
13858,"Steven Bergwijn",411,"Netherlands",1,0,0,0,1,0,1,1,0,0,0,0,0,0,0,0,0,0,0
13903,"Stanislav Lobotka",475,"Slovakia",1,1,0,0,1,1,1,0,0,0,0,0,0,0,0,0,0,0,0
13905,"Matus Bero",475,"Slovakia",1,0,0,0,1,0,1,1,0,0,0,0,1,0,0,0,0,0,0
14066,"Ruslan Malinovskyi",577,"Ukraine",2,2,1,2,2,1,0,0,0,0,0,0,0,1,0,0,0,0,0
14083,"Davide Frattesi",1,"Italy",2,1,0,0,0,1,2,1,0,0,0,2,0,0,1,0,0,0,0
14216,"Niclas Fullkrug",11,"Germany",9,3,0,1,0,1,2,6,0,2,7,9,0,0,1,0,6,1,0
14245,"Wout Weghorst",411,"Netherlands",3,2,0,1,0,1,1,1,0,1,1,3,0,0,2,0,1,0,0
14684,"Gianluca Scamacca",1,"Italy",6,1,1,0,3,1,6,5,0,0,1,3,2,0,1,0,0,1,0
14686,"Joachim Andersen",322,"Denmark",1,0,0,0,0,0,0,1,0,0,0,1,0,0,0,0,1,0,0
14828,"Kaan Ayhan",579,"Turkiye",3,1,1,1,1,0,1,2,0,0,2,2,0,0,0,0,1,1,0
14949,"Dayot Upamecano",423,"France",3,0,0,0,0,0,0,3,0,0,1,3,0,0,0,0,3,0,0
14950,"Willi Orban",487,"Hungary",2,1,0,0,0,1,0,1,0,0,0,2,0,0,2,0,2,1,0
15218,"Attila Arpad Szalai",487,"Hungary",1,0,0,1,0,1,0,1,0,0,1,1,0,0,0,0,0,0,0
15225,"Daniel Gazdag",487,"Hungary",1,1,1,0,0,0,1,0,0,0,0,1,0,0,1,0,0,0,0
15226,"Dominik Szoboszlai",487,"Hungary",5,3,0,2,3,2,3,2,0,0,1,2,2,0,1,2,0,0,0
15421,"Joao Maria Lobo Alves Palhares Costa Palhinha Goncalves",427,"Portugal",4,2,0,0,3,2,3,2,0,0,0,1,0,0,0,0,1,0,0
15495,"Scott Mctominay",462,"Scotland",2,2,1,1,0,0,1,0,0,1,0,2,1,0,0,0,0,0,0
15562,"Theo Bernard Francois Hernandez",423,"France",3,2,0,2,1,2,1,1,0,0,0,2,0,0,1,0,0,0,0
15741,"Maximilian Mittelstadt",11,"Germany",5,3,3,4,3,0,1,2,0,0,0,2,0,0,0,0,0,0,0
15748,"Philip Walter Foden",16,"England",13,8,4,12,10,4,1,5,0,0,0,3,0,0,2,2,0,2,0
15765,"Denis Vavro",475,"Slovakia",2,0,0,0,2,0,2,2,0,0,0,0,0,0,0,0,0,0,0
15792,"Salih Ozcan",579,"Turkiye",1,0,0,0,1,0,1,1,0,0,0,0,0,0,0,0,0,0,0
15798,"Konrad Laimer",510,"Austria",3,0,0,2,0,0,1,3,0,0,1,3,1,0,1,0,0,0,0
16004,"Dennis Man",486,"Romania",6,4,0,5,3,3,1,2,0,0,0,3,1,0,1,0,0,0,0
16006,"Florinel Coman",486,"Romania",2,1,0,0,1,1,2,1,0,0,0,1,0,0,0,0,0,0,0
16063,"Nicolo' Fagioli",1,"Italy",1,0,0,0,1,0,1,1,0,0,0,0,0,0,0,0,0,0,0
16122,"Riccardo Calafiori",1,"Italy",2,1,1,1,0,0,0,1,0,0,1,2,0,0,0,0,1,0,0
16209,"Jose' Diogo Dalot Teixeira",427,"Portugal",3,1,0,1,2,1,1,2,0,0,0,1,0,0,0,0,1,0,0
16244,"Mykola Shaparenko",577,"Ukraine",2,1,0,2,0,0,0,0,1,1,1,2,0,0,0,0,0,0,0
16515,"Joao Felix Sequeira",427,"Portugal",4,2,1,3,3,1,0,2,0,0,1,1,0,0,0,0,1,0,0
16535,"Nedim Bajrami",463,"Albania",3,1,0,0,0,1,3,2,0,1,2,3,0,0,0,0,0,0,0
16714,"Steven Zuber",418,"Switzerland",2,0,0,1,0,0,1,2,0,0,0,2,0,0,0,0,0,0,0
16756,"Fabian Ruiz",2,"Spain",17,8,2,13,10,4,2,8,1,2,2,7,2,0,2,0,2,0,0
16819,"David Hancko",475,"Slovakia",5,2,0,2,1,2,1,3,0,0,2,4,0,0,0,1,2,0,0
16827,"Dusan Vlahovic",467,"Serbia",6,4,2,4,4,2,0,2,0,0,1,2,1,0,0,1,2,0,0
16957,"Ruben Dos Santos Gato Alves Dias",427,"Portugal",2,0,0,1,1,0,1,2,0,0,1,1,1,0,0,0,0,0,0
17326,"Roman Yaremchuk",577,"Ukraine",6,3,1,0,2,1,5,2,1,1,1,4,0,0,2,0,1,0,0
17370,"Denzel Dumfries",411,"Netherlands",5,1,0,0,0,1,2,4,0,0,2,5,0,0,0,0,3,1,0
17372,"Donyell Malen",411,"Netherlands",4,3,1,2,0,0,2,1,0,2,0,4,0,0,3,0,0,0,0
17396,"Florian Grillitsch",510,"Austria",5,4,1,0,4,2,4,1,0,0,0,1,1,0,0,0,1,0,0
17397,"Stefan Posch",510,"Austria",6,5,2,1,4,3,4,1,0,0,2,2,1,0,0,0,1,0,0
17403,"Jaka Bijol",516,"Slovenia",1,0,0,0,0,0,0,1,0,0,0,1,0,0,0,0,1,0,0
17412,"Michel Aebischer",418,"Switzerland",2,1,0,0,1,0,2,1,0,1,0,1,0,0,0,0,0,0,0
17563,"Mert Muldur",579,"Turkiye",4,3,1,1,1,1,3,0,1,1,1,3,0,0,1,0,0,0,0
17694,"Dodi Lukebakio",428,"Belgium",2,1,0,2,0,1,0,1,0,0,0,2,1,0,0,0,0,0,0
17790,"Ferran Torres Garcia",2,"Spain",5,2,0,1,0,0,2,3,0,1,3,5,1,0,2,0,2,0,0
17859,"Cody Gakpo",411,"Netherlands",14,7,0,1,4,5,13,6,1,3,3,10,3,0,2,0,0,0,0
17924,"Lewis Morgan",462,"Scotland",1,1,1,1,0,0,0,0,0,0,0,1,0,0,0,0,0,0,0
17928,"Jules Kounde'",423,"France",1,1,1,0,0,0,1,0,0,0,1,1,0,0,0,0,0,0,0
17930,"Aurelien Tchouameni",423,"France",12,6,3,0,9,2,10,6,0,0,1,3,2,0,0,0,2,0,0
18555,"Razvan Marin",486,"Romania",5,2,0,0,5,1,5,3,0,1,0,0,0,0,0,1,0,0,0
18562,"Jonas Wind",322,"Denmark",5,1,0,1,1,1,2,4,0,0,3,4,2,0,0,0,2,0,0
18698,"Bukayo Saka",16,"England",9,5,4,7,4,0,1,3,1,1,3,5,0,0,0,0,1,0,0
18841,"Pedro Lomba Neto",427,"Portugal",1,1,0,1,1,1,0,0,0,0,0,0,0,1,0,0,0,0,0
19107,"Merih Demiral",579,"Turkiye",3,2,0,1,0,0,0,1,0,2,0,3,0,0,0,0,2,0,0
19385,"Zan Celar",516,"Slovenia",1,0,0,0,1,0,1,1,0,0,0,0,0,0,0,0,0,0,0
19437,"Lovro Majer",4,"Croatia",2,0,0,0,0,0,1,2,0,0,0,2,0,0,1,0,1,0,0
19509,"Michael Gregoritsch",510,"Austria",3,2,0,1,0,1,0,1,0,1,1,3,0,0,1,0,2,0,0
19519,"Okay Yokuslu",579,"Turkiye",1,0,0,0,1,0,1,1,0,0,0,0,0,0,0,0,0,0,0
19571,"Denis Dragus",486,"Romania",5,3,1,1,1,1,4,2,0,1,2,4,0,0,1,0,0,0,0
19590,"Andrei Ratiu",486,"Romania",3,3,0,0,1,3,3,0,0,0,2,2,0,0,0,0,0,0,0
19990,"Giacomo Raspadori",1,"Italy",1,0,0,0,1,0,1,1,0,0,0,0,1,0,0,1,0,0,0
20214,"Marcus Thuram",423,"France",10,3,1,2,3,2,5,7,0,0,3,7,0,0,2,0,3,0,0
20250,"Joakim Maehle",322,"Denmark",1,0,0,1,0,0,0,1,0,0,1,1,0,0,0,0,0,0,0
20254,"Andreas Skov Olsen",322,"Denmark",1,0,0,1,0,0,0,1,0,0,0,1,1,0,0,0,0,0,0
20278,"Jakub Piotrowski",488,"Poland",1,0,0,1,0,0,0,1,0,0,1,1,0,0,0,0,0,0,0
20280,"Sebastian Szymanski",488,"Poland",1,1,0,1,0,0,0,0,0,0,1,1,1,0,0,0,0,0,0
20285,"Karol Swiderski",488,"Poland",2,2,0,2,1,2,0,0,0,0,1,1,0,0,0,0,0,0,0
20287,"Philipp Lienhart",510,"Austria",2,1,1,0,0,0,1,1,0,0,0,2,0,0,1,0,1,0,0
20289,"Christoph Baumgartner",510,"Austria",8,4,1,2,2,2,3,4,0,1,3,6,0,0,2,0,3,0,0
20888,"Jerdy Schouten",411,"Netherlands",1,1,1,0,0,0,1,0,0,0,0,1,0,0,0,0,0,0,0
20891,"Andras Schafer",487,"Hungary",2,1,0,1,1,1,1,1,0,0,1,1,0,0,0,0,0,0,0
20900,"Rafael Leao",427,"Portugal",2,2,2,0,0,0,2,0,0,0,0,2,0,0,0,0,0,0,0
20912,"Ferdi Kadioglu",579,"Turkiye",2,1,1,0,1,0,2,1,0,0,1,1,0,0,0,0,0,0,0
20932,"Nico Schlotterbeck",11,"Germany",2,0,0,0,0,0,0,2,0,0,1,2,0,0,0,0,2,0,0
21422,"Lukas Provod",263,"Czechia",3,3,0,1,3,2,2,0,0,1,0,0,1,0,0,0,0,0,0
21437,"Mehmet Zeki Celik",579,"Turkiye",1,1,1,0,0,0,1,0,0,0,0,1,0,0,1,0,0,0,0
21439,"Yusuf Yazici",579,"Turkiye",3,3,1,2,2,2,0,0,0,0,0,1,0,0,1,0,1,0,0
21539,"Andrei Burca",486,"Romania",1,0,0,0,0,0,0,1,0,0,0,1,0,0,0,0,1,0,0
21550,"Orkun Kokcu",579,"Turkiye",4,4,2,0,3,2,4,0,0,0,0,1,0,0,0,0,0,0,0
21566,"Romano Schmid",510,"Austria",1,1,0,0,0,0,0,0,0,1,1,1,0,0,0,0,1,0,0
21574,"Eduardo Camavinga",423,"France",2,0,0,1,1,0,1,2,0,0,0,1,0,0,1,0,0,0,0
22931,"Declan Rice",16,"England",8,5,2,0,5,3,6,3,0,0,1,3,0,0,0,0,2,1,0
23166,"Robert Bozenik",475,"Slovakia",3,2,1,0,1,1,3,1,0,0,1,2,0,0,0,0,0,0,0
23248,"Radu Dragusin",486,"Romania",2,1,0,0,1,1,1,1,0,0,1,1,1,0,0,0,1,0,0
23349,"Giorgi Chakvetadze",461,"Georgia",1,0,0,0,0,0,1,1,0,0,0,1,0,0,1,0,0,0,0
23370,"Marc Cucurella Saseta",2,"Spain",1,1,0,1,1,1,0,0,0,0,0,0,0,0,0,0,0,0,0
23809,"Gernot Trauner",510,"Austria",1,1,0,0,0,0,0,0,0,1,1,1,0,0,0,0,1,0,0
23830,"Florian Wirtz",11,"Germany",9,3,0,2,4,1,7,5,1,2,2,5,1,0,1,0,0,0,0
23839,"Daniel Olmo Carvajal",2,"Spain",16,12,5,2,8,4,14,3,1,3,3,8,2,0,2,0,0,0,0
23908,"Adam Gnezda Cerin",516,"Slovenia",4,1,0,1,3,1,2,3,0,0,0,1,0,0,1,0,1,0,0
23932,"Ruben Vargas",418,"Switzerland",5,4,0,1,0,3,4,1,0,1,0,5,0,0,1,0,0,0,0
23936,"Jakub Moder",488,"Poland",2,1,0,1,2,1,1,1,0,0,0,0,0,0,0,0,0,0,0
23948,"Ivan Ilic",467,"Serbia",2,2,2,2,2,0,0,0,0,0,0,0,0,0,0,0,0,0,0
23953,"Mikkel Damsgaard",322,"Denmark",1,1,0,0,1,1,1,0,0,0,0,0,0,0,0,0,0,0,0
24403,"Tomas Holes",263,"Czechia",1,1,1,0,1,0,1,0,0,0,0,0,0,0,0,0,0,0,0
24459,"Valentin Mihaila",486,"Romania",4,1,1,1,3,0,3,3,0,0,1,1,0,0,0,0,0,0,0
24532,"Jude Bellingham",16,"England",6,4,1,2,1,1,2,1,1,2,2,5,0,0,0,0,2,0,0
24564,"Jeremy Doku",428,"Belgium",5,4,3,4,2,1,1,1,0,0,2,3,0,0,0,0,0,0,0
24582,"Georgiy Sudakov",577,"Ukraine",9,5,1,1,7,4,8,4,0,0,1,2,2,0,1,2,0,0,0
24662,"Pedro Gonzalez Lopez",2,"Spain",6,4,0,3,3,4,2,2,0,0,1,3,0,0,2,0,1,0,0
24663,"Fabian Rieder",418,"Switzerland",2,1,0,2,2,1,0,1,0,0,0,0,0,0,0,2,0,0,0
24664,"Vincent Sierro",418,"Switzerland",1,1,0,0,1,0,1,0,0,0,0,0,1,0,0,0,0,0,0
24667,"Cole Palmer",16,"England",4,2,0,4,2,1,0,1,1,1,1,2,0,0,0,0,0,0,0
24707,"Jamal Musiala",11,"Germany",12,5,0,1,6,2,11,6,1,3,2,6,4,0,2,0,0,0,0
24777,"Ladislav Krejci",263,"Czechia",4,2,0,1,1,1,1,2,0,0,0,3,2,0,0,0,2,0,0
24782,"Adam Hlozek",263,"Czechia",4,4,0,2,2,4,2,0,0,0,1,2,1,0,1,0,0,0,0
24795,"Ayoze Perez Gutierrez",2,"Spain",3,2,0,1,0,2,2,1,0,0,1,3,1,0,1,0,0,0,0
24807,"Jeremie Frimpong",411,"Netherlands",2,2,1,0,0,1,2,0,0,0,2,2,0,0,0,0,0,0,0
24817,"Dan Ndoye",418,"Switzerland",13,5,3,3,4,1,10,8,0,1,1,9,1,0,3,0,0,0,0
24818,"Ondrej Lingr",263,"Czechia",3,1,0,0,1,1,1,2,0,0,2,2,0,0,0,0,2,1,0
24827,"Robin Aime Robert Le Normand",2,"Spain",3,1,1,0,0,0,1,2,0,0,2,3,0,0,0,0,2,0,0
24902,"Tijjani Reijnders",411,"Netherlands",9,2,2,0,7,0,9,7,0,0,3,2,2,0,0,0,0,0,0
24936,"Luka Sucic",4,"Croatia",4,4,1,3,1,3,1,0,0,0,2,3,0,0,1,0,0,0,0
24959,"Billy Gilmour",462,"Scotland",1,1,1,0,1,0,1,0,0,0,0,0,0,0,0,0,0,0,0
25068,"Pavel Sulc",263,"Czechia",1,1,1,0,0,0,1,0,0,0,0,1,0,0,0,0,0,0,0
25074,"Josko Gvardiol",4,"Croatia",2,1,1,2,1,0,0,1,0,0,1,1,0,0,0,0,0,0,0
25095,"Timi Max Elsnik",516,"Slovenia",3,1,1,2,1,0,1,2,0,0,0,2,0,0,2,0,0,1,0
25117,"David Raum",11,"Germany",1,0,0,1,1,0,0,1,0,0,0,0,0,0,0,0,0,0,0
25136,"Vitor Machado Ferreira",427,"Portugal",8,5,2,1,5,3,7,3,0,0,1,3,3,0,1,0,0,0,0
25144,"Bendeguz Bolla",487,"Hungary",2,2,0,0,1,1,2,0,0,0,1,1,1,0,0,0,0,0,0
25333,"Kristjan Asllani",463,"Albania",8,4,1,3,7,3,5,4,0,0,0,1,2,0,1,1,0,0,0
25397,"Morten Hjulmand",322,"Denmark",5,2,0,1,5,1,4,3,0,1,0,0,1,0,0,0,0,0,0
25459,"Francisco Fernandes Da Conceicao",427,"Portugal",6,1,0,6,0,0,0,4,1,1,1,6,1,0,1,0,0,0,0
25535,"Alexander Bah",322,"Denmark",1,0,0,0,0,0,0,1,0,0,0,1,0,0,1,0,1,0,0
25673,"Marc Guehi",16,"England",1,1,1,0,0,0,0,0,0,0,0,1,0,0,0,0,1,0,0
25678,"Eberechi Eze",16,"England",1,0,0,0,0,0,1,1,0,0,1,1,0,0,0,0,0,0,0
25704,"Randal Kolo Muani",423,"France",2,1,0,0,0,0,1,1,0,1,1,2,1,0,1,0,1,0,0
25752,"Nuno Alexandre Tavares Mendes",427,"Portugal",3,2,0,1,1,2,1,1,0,0,1,2,0,0,0,0,1,0,0
25840,"Oleksandr Tymchyk",577,"Ukraine",1,0,0,0,0,0,1,1,0,0,0,1,0,0,0,0,0,1,0
26256,"Nicola Zalewski",488,"Poland",3,1,0,0,1,1,3,2,0,0,0,2,0,0,1,0,0,0,0
26263,"Kacper Urbanski",488,"Poland",2,2,0,1,1,1,1,0,0,0,1,1,1,0,0,0,0,0,0
26326,"Zeki Amdouni",418,"Switzerland",2,1,0,1,1,1,0,1,0,0,0,1,0,0,1,0,1,0,0
26381,"Scott Mckenna",462,"Scotland",1,0,0,0,0,0,0,1,0,0,0,1,0,0,0,0,1,0,0
26385,"Che' Adams",462,"Scotland",2,1,0,0,1,1,2,1,0,0,1,1,0,0,0,0,0,0,0
26390,"Ivan Schranz",475,"Slovakia",6,5,1,1,1,1,4,0,1,3,1,5,0,0,3,0,1,0,0
26395,"Kerem Akturkoglu",579,"Turkiye",5,2,0,0,1,1,4,3,0,1,3,4,1,0,1,0,1,0,0
26396,"Artem Dovbyk",577,"Ukraine",5,2,2,4,2,0,1,3,0,0,3,3,0,0,0,0,0,0,0
26403,"Qazim Laci",463,"Albania",2,1,0,0,0,0,0,0,1,1,0,2,0,0,1,0,2,0,0
26406,"Taulant Seferi",463,"Albania",1,1,0,0,1,1,1,0,0,0,0,0,0,0,0,0,0,0,0
26453,"Kenny Mclean",462,"Scotland",1,1,0,1,1,1,0,0,0,0,0,0,0,0,0,0,0,0,0
26454,"Ollie Watkins",16,"England",4,3,1,0,1,1,4,0,1,1,1,3,0,0,0,0,0,0,0
26642,"Lazar Samardzic",467,"Serbia",1,0,0,1,1,0,0,1,0,0,0,0,0,0,0,0,0,0,0
26708,"Arthur Theate",428,"Belgium",1,0,0,1,1,0,0,1,0,0,0,0,0,0,0,0,0,0,0
27212,"Antonio Joao Pereira De Albuquerque Tavares Da Silva",427,"Portugal",1,0,0,0,0,0,0,1,0,0,0,1,0,0,0,0,1,0,0
27368,"Jakub Kiwior",488,"Poland",2,2,0,2,0,2,0,0,0,0,0,2,0,0,0,0,0,0,0
27386,"Zuriko Davitashvili",461,"Georgia",2,1,0,1,0,0,1,1,0,0,2,2,1,0,0,0,0,0,0
27391,"Otar Kakabadze",461,"Georgia",1,1,1,1,1,0,0,0,0,0,0,0,0,0,0,0,0,0,0
27393,"Georges Mikautadze",461,"Georgia",6,2,1,0,1,0,6,3,1,1,2,5,0,0,2,0,0,0,0
27419,"Veljko Birmancevic",467,"Serbia",1,1,1,0,1,0,1,0,0,0,0,0,0,0,0,0,0,0,0
27428,"Josip Stanisic",4,"Croatia",1,1,1,0,0,0,1,0,0,0,1,1,0,0,0,0,0,0,0
27431,"Amadou Onana",428,"Belgium",3,1,0,0,1,1,1,2,0,0,2,2,0,0,0,0,2,0,0
27995,"Benjamin Sesko",516,"Slovenia",8,4,0,1,5,4,6,4,0,0,2,3,0,0,1,0,1,1,0
27998,"David Strelec",475,"Slovakia",6,2,0,4,2,1,2,4,0,0,3,4,1,0,1,0,0,0,0
28011,"Mykhaylo Mudryk",577,"Ukraine",6,3,2,2,2,1,4,3,0,0,3,4,0,0,0,0,0,1,0
29786,"Baris Alper Yilmaz",579,"Turkiye",3,3,1,2,1,2,1,0,0,0,3,2,0,0,0,0,0,0,0
30184,"William Saliba",423,"France",2,0,0,1,0,0,1,2,0,0,0,2,0,0,0,0,0,0,0
30189,"Josip Sutalo",4,"Croatia",1,0,0,0,0,0,0,1,0,0,1,1,0,0,0,0,1,0,0
30850,"Youssouf Fofana",423,"France",1,0,1,0,1,0,1,1,0,0,0,0,0,0,0,0,0,0,0
30865,"Robert Andrich",11,"Germany",7,3,0,0,5,2,6,4,0,0,2,2,2,0,0,0,1,0,0
30898,"Zan Karnicnik",516,"Slovenia",4,1,0,0,2,0,4,2,1,1,0,2,0,0,1,0,0,0,0
31264,"Kenan Yildiz",579,"Turkiye",10,6,3,2,4,3,8,4,0,0,2,6,1,0,0,0,0,0,0
31347,"Khvicha Kvaratskhelia",461,"Georgia",7,2,0,2,3,1,5,5,0,1,1,4,0,0,2,1,0,1,0
31404,"Lamine Yamal Nasraoui Ebana",2,"Spain",20,10,4,19,12,7,1,9,1,1,3,8,1,0,2,3,0,0,0
31879,"Marton Dardai",487,"Hungary",1,0,0,0,0,0,0,1,0,0,0,1,0,0,0,0,1,0,0
32072,"Johan Bakayoko",428,"Belgium",3,1,1,3,1,0,0,2,0,0,2,2,0,0,0,0,0,0,0
32408,"Joey Veerman",411,"Netherlands",2,1,1,0,1,0,2,1,0,0,0,1,0,0,1,0,0,0,0
32536,"Bradley Barcola",423,"France",2,1,0,2,0,1,0,1,0,0,1,2,0,0,0,0,0,0,0
34265,"Samet Akaydin",579,"Turkiye",2,1,0,0,0,0,0,1,0,1,1,2,0,0,1,0,2,0,0
34287,"Arda Guler",579,"Turkiye",7,2,0,6,7,0,1,5,0,1,0,0,1,0,0,1,0,1,0
34734,"Rasmus Hojlund",322,"Denmark",5,4,1,4,0,3,1,1,0,0,1,5,0,0,2,0,0,0,0
34988,"Armando Broja",463,"Albania",2,2,0,0,0,2,2,0,0,0,0,2,0,0,1,0,0,0,0
35417,"Ivan Toney",16,"England",1,0,0,0,1,0,1,1,0,0,1,0,0,0,0,0,0,0,0
35462,"Nicholas Williams Arthuer",2,"Spain",12,6,3,3,3,1,8,5,1,2,2,9,1,0,2,0,1,1,0
35499,"Abdulkerim Bardakci",579,"Turkiye",2,0,0,0,0,0,1,2,0,0,2,2,0,0,0,0,1,0,0
36090,"Klaus Gjasula",463,"Albania",2,2,1,1,1,0,1,0,0,1,1,1,0,0,0,0,0,0,0
36107,"Ismail Yuksek",579,"Turkiye",1,1,1,0,1,0,1,0,0,0,0,0,0,0,0,0,0,0,0
36154,"Patrick Wimmer",510,"Austria",4,4,1,0,2,3,3,0,0,0,1,2,0,0,0,0,1,0,0
36273,"Saba Lobjanidze",461,"Georgia",1,0,0,0,0,0,1,1,0,0,0,1,0,0,1,0,0,0,0
36390,"Mario Mitaj",463,"Albania",1,0,0,1,1,0,0,1,0,0,0,0,0,0,0,0,0,0,0
36670,"Xavi Simons",411,"Netherlands",11,6,1,0,7,3,11,5,0,1,1,4,0,0,0,0,0,0,0
36874,"Matej Jurasek",263,"Czechia",4,3,1,2,4,2,2,1,0,0,0,0,0,0,0,0,0,0,0
37707,"Joao Pedro Goncalves Neves",427,"Portugal",1,1,1,0,1,0,1,0,0,0,0,0,0,0,0,0,0,0,0
38196,"Mateo Retegui",1,"Italy",4,1,0,2,1,2,1,3,0,0,1,3,3,0,0,0,1,0,0
38393,"Volodymyr Brazhko",577,"Ukraine",2,2,1,0,2,1,2,0,0,0,0,0,0,0,0,0,0,0,0
38941,"Jose' Luis Sanmartin Mato",2,"Spain",3,0,0,1,0,0,1,3,0,0,2,3,0,0,0,0,1,0,0
39056,"Georgiy Tsitaishvili",461,"Georgia",3,2,0,3,0,2,0,1,0,0,2,3,0,0,1,0,0,0,0
42336,"Robin Hranac",263,"Czechia",2,1,1,0,0,0,1,1,0,0,0,2,0,0,1,0,1,0,0
42398,"Anzor Mekvabishvili",461,"Georgia",2,1,0,0,1,1,2,1,0,0,1,1,1,0,0,0,0,0,0
43194,"Pascal Gross",11,"Germany",1,1,1,0,1,0,1,0,0,0,0,0,0,0,0,0,0,0,0
45952,"Kevin Csoboth",487,"Hungary",2,1,0,0,0,0,2,1,0,1,1,2,0,0,1,0,0,1,0
46129,"Jasir Asani",463,"Albania",3,1,0,3,2,1,0,2,0,0,0,1,1,0,0,0,0,0,0
46183,"Barnabas Varga",487,"Hungary",3,1,0,0,0,0,0,2,0,1,1,3,0,0,2,0,3,0,0
49237,"Fermin Lopez Martin",2,"Spain",1,1,1,1,1,0,0,0,0,0,0,0,0,0,0,0,0,0,0
50302,"Medon Berisha",463,"Albania",1,0,0,0,1,0,1,1,0,0,0,0,1,0,0,0,0,0,0
52959,"Kwadwo Duah",418,"Switzerland",5,4,0,1,1,2,4,0,1,1,1,4,1,0,2,0,0,0,0
53252,"Giorgi Kochorashvili",461,"Georgia",4,2,2,1,3,0,3,2,0,0,0,1,0,0,1,0,0,1,0
55250,"Semih Kilicsoy",579,"Turkiye",1,1,0,0,0,1,0,0,0,0,0,1,0,0,1,0,0,0,1
57447,"Arber Hoxha",463,"Albania",2,1,0,0,1,1,2,1,0,0,0,1,0,0,0,0,0,0,0
58342,"Chris Jan Fuhrich",11,"Germany",1,0,0,0,0,0,1,1,0,0,0,1,0,0,0,0,0,0,0
58426,"Kobbie Boateng Mainoo",16,"England",5,1,1,0,4,0,5,4,0,0,1,1,3,0,0,0,0,0,0
59411,"Erik Janza",516,"Slovenia",3,2,1,3,3,0,0,1,0,1,0,0,1,0,0,0,0,0,0
60006,"Mojmir Chytil",263,"Czechia",1,0,0,0,0,0,0,1,0,0,1,1,0,0,0,0,1,0,0
60731,"David Jurasek",263,"Czechia",3,2,0,2,2,2,1,1,0,0,0,1,0,0,1,0,0,0,0
70041,"Mirlind Daku",463,"Albania",1,1,0,0,0,0,1,0,0,0,1,1,1,0,0,0,0,0,0
